H2_MODEL_MINING_CLOSED,bootstrap_ci_high,bootstrap_ci_low,cost_bps_per_active_leg,dates,decision_eligible,evidence_lane,horizon,mean_cross_sectional_spearman,mean_negative_leg_return,mean_net_long_short_spread,mean_positive_leg_return,median_net_long_short_spread,negative_leg_coverage,paper_positions,portfolio,positive_leg_coverage,real_orders
True,0.0012590769639642325,-0.000840292356095399,0,3486,False,H2_HISTORICAL_RECONSTRUCTED_DAILY,next_open_to_3d_close,0.003688222276862552,-0.0002835855909342626,0.00016477453264383864,0.0004483601235781012,0.0,0.8370625358577166,0,top1_bottom1,0.1878944348823867,0
True,0.0006925715590082628,-0.0014363656128539301,5,3486,False,H2_HISTORICAL_RECONSTRUCTED_DAILY,next_open_to_3d_close,0.003688222276862552,-0.0002835855909342626,-0.0003477039527262134,0.0004483601235781012,0.0,0.8370625358577166,0,top1_bottom1,0.1878944348823867,0
True,0.00019919851616108375,-0.0018787514413402785,10,3486,False,H2_HISTORICAL_RECONSTRUCTED_DAILY,next_open_to_3d_close,0.003688222276862552,-0.0002835855909342626,-0.0008601824380962652,0.0004483601235781012,0.0,0.8370625358577166,0,top1_bottom1,0.1878944348823867,0
True,-0.0003389541044102347,-0.0024443460437962717,15,3486,False,H2_HISTORICAL_RECONSTRUCTED_DAILY,next_open_to_3d_close,0.003688222276862552,-0.0002835855909342626,-0.0013726609234663168,0.0004483601235781012,0.0,0.8370625358577166,0,top1_bottom1,0.1878944348823867,0
True,-0.0012873307779518823,-0.0034581084980983157,25,3486,False,H2_HISTORICAL_RECONSTRUCTED_DAILY,next_open_to_3d_close,0.003688222276862552,-0.0002835855909342626,-0.0023976178942064197,0.0004483601235781012,0.0,0.8370625358577166,0,top1_bottom1,0.1878944348823867,0
True,-0.003891965536602048,-0.005978985843877889,50,3486,False,H2_HISTORICAL_RECONSTRUCTED_DAILY,next_open_to_3d_close,0.003688222276862552,-0.0002835855909342626,-0.004960010321056678,0.0004483601235781012,0.0,0.8370625358577166,0,top1_bottom1,0.1878944348823867,0
True,0.0008262905147620341,-0.0009948915848400426,0,3486,False,H2_HISTORICAL_RECONSTRUCTED_DAILY,next_open_to_3d_close,0.003688222276862552,-0.00036160887609532505,-8.0644721895202e-05,0.0002809641542001231,0.0,0.9406196213425129,0,top2_bottom2,0.3674698795180723,0
True,0.00020700510990288336,-0.0016774399760234031,5,3486,False,H2_HISTORICAL_RECONSTRUCTED_DAILY,next_open_to_3d_close,0.003688222276862552,-0.00036160887609532505,-0.0007346894723254951,0.0002809641542001231,0.0,0.9406196213425129,0,top2_bottom2,0.3674698795180723,0
True,-0.00041833227119716026,-0.002398757258284639,10,3486,False,H2_HISTORICAL_RECONSTRUCTED_DAILY,next_open_to_3d_close,0.003688222276862552,-0.00036160887609532505,-0.001388734222755788,0.0002809641542001231,-0.0003323219280114134,0.9406196213425129,0,top2_bottom2,0.3674698795180723,0
True,-0.0010912948483351882,-0.0030484265821348966,15,3486,False,H2_HISTORICAL_RECONSTRUCTED_DAILY,next_open_to_3d_close,0.003688222276862552,-0.00036160887609532505,-0.00204277897318608,0.0002809641542001231,-0.0009247808291785434,0.9406196213425129,0,top2_bottom2,0.3674698795180723,0
True,-0.0023959082287834865,-0.004310659329071247,25,3486,False,H2_HISTORICAL_RECONSTRUCTED_DAILY,next_open_to_3d_close,0.003688222276862552,-0.00036160887609532505,-0.0033508684740466655,0.0002809641542001231,-0.0022629258592102553,0.9406196213425129,0,top2_bottom2,0.3674698795180723,0
True,-0.0056663800855728825,-0.007620491364654155,50,3486,False,H2_HISTORICAL_RECONSTRUCTED_DAILY,next_open_to_3d_close,0.003688222276862552,-0.00036160887609532505,-0.006621092226198128,0.0002809641542001231,-0.005733795080449404,0.9406196213425129,0,top2_bottom2,0.3674698795180723,0
True,0.001122196966631777,-0.0007235789624480241,0,3486,False,H2_HISTORICAL_RECONSTRUCTED_DAILY,next_open_to_3d_close,0.003688222276862552,-0.0001485600800079623,0.0002210243884041063,0.00036958446841206863,0.0,0.9675846242111302,0,top_half_bottom_half,0.438324727481354,0
True,0.00038228859203808256,-0.0014160425852953933,5,3486,False,H2_HISTORICAL_RECONSTRUCTED_DAILY,next_open_to_3d_close,0.003688222276862552,-0.0001485600800079623,-0.00048193028744213627,0.00036958446841206863,-5.6725483575377315e-06,0.9675846242111302,0,top_half_bottom_half,0.438324727481354,0
True,-0.0002113087338138107,-0.0020376597842249574,10,3486,False,H2_HISTORICAL_RECONSTRUCTED_DAILY,next_open_to_3d_close,0.003688222276862552,-0.0001485600800079623,-0.0011848849632883785,0.00036958446841206863,-0.0006967831924954413,0.9675846242111302,0,top_half_bottom_half,0.438324727481354,0
True,-0.0010122862742417346,-0.0028184086794250554,15,3486,False,H2_HISTORICAL_RECONSTRUCTED_DAILY,next_open_to_3d_close,0.003688222276862552,-0.0001485600800079623,-0.0018878396391346203,0.00036958446841206863,-0.0013346760950938821,0.9675846242111302,0,top_half_bottom_half,0.438324727481354,0
True,-0.002405196555797167,-0.004257801010382827,25,3486,False,H2_HISTORICAL_RECONSTRUCTED_DAILY,next_open_to_3d_close,0.003688222276862552,-0.0001485600800079623,-0.0032937489908271044,0.00036958446841206863,-0.002945766007913471,0.9675846242111302,0,top_half_bottom_half,0.438324727481354,0
True,-0.005976293766657243,-0.0077248277778844705,50,3486,False,H2_HISTORICAL_RECONSTRUCTED_DAILY,next_open_to_3d_close,0.003688222276862552,-0.0001485600800079623,-0.006808522370058316,0.00036958446841206863,-0.006888679606593222,0.9675846242111302,0,top_half_bottom_half,0.438324727481354,0
True,0.0011315382385935135,-0.0017365221130044076,0,3486,False,H2_HISTORICAL_RECONSTRUCTED_DAILY,next_open_to_5d_close,0.005309005915001555,-0.0012045712252087722,-0.000322834104187859,0.0008817371210209133,0.0,0.8370625358577166,0,top1_bottom1,0.1878944348823867,0
True,0.0005693001751810261,-0.0023857905169047447,5,3486,False,H2_HISTORICAL_RECONSTRUCTED_DAILY,next_open_to_5d_close,0.005309005915001555,-0.0012045712252087722,-0.000835312589557911,0.0008817371210209133,0.0,0.8370625358577166,0,top1_bottom1,0.1878944348823867,0
True,3.633371672360909e-05,-0.0027996209626451737,10,3486,False,H2_HISTORICAL_RECONSTRUCTED_DAILY,next_open_to_5d_close,0.005309005915001555,-0.0012045712252087722,-0.001347791074927963,0.0008817371210209133,0.0,0.8370625358577166,0,top1_bottom1,0.1878944348823867,0
True,-0.00044067361540564353,-0.003340913522560914,15,3486,False,H2_HISTORICAL_RECONSTRUCTED_DAILY,next_open_to_5d_close,0.005309005915001555,-0.0012045712252087722,-0.0018602695602980147,0.0008817371210209133,0.0,0.8370625358577166,0,top1_bottom1,0.1878944348823867,0
True,-0.0014237369073844077,-0.004255295058635733,25,3486,False,H2_HISTORICAL_RECONSTRUCTED_DAILY,next_open_to_5d_close,0.005309005915001555,-0.0012045712252087722,-0.002885226531038118,0.0008817371210209133,0.0,0.8370625358577166,0,top1_bottom1,0.1878944348823867,0
True,-0.004010374219119676,-0.006817232510012508,50,3486,False,H2_HISTORICAL_RECONSTRUCTED_DAILY,next_open_to_5d_close,0.005309005915001555,-0.0012045712252087722,-0.005447618957888376,0.0008817371210209133,0.0,0.8370625358577166,0,top1_bottom1,0.1878944348823867,0
True,0.001027092269121239,-0.001575576349048378,0,3486,False,H2_HISTORICAL_RECONSTRUCTED_DAILY,next_open_to_5d_close,0.005309005915001555,-0.0015467846211929721,-0.00025617850297931426,0.001290606118213658,0.0,0.9406196213425129,0,top2_bottom2,0.3674698795180723,0
True,0.0003665769220453395,-0.0021662521999852254,5,3486,False,H2_HISTORICAL_RECONSTRUCTED_DAILY,next_open_to_5d_close,0.005309005915001555,-0.0015467846211929721,-0.0009102232534096074,0.001290606118213658,0.0,0.9406196213425129,0,top2_bottom2,0.3674698795180723,0
True,-0.00037698841983923985,-0.0028536113663531833,10,3486,False,H2_HISTORICAL_RECONSTRUCTED_DAILY,next_open_to_5d_close,0.005309005915001555,-0.0015467846211929721,-0.0015642680038399004,0.001290606118213658,-0.00031308228667634077,0.9406196213425129,0,top2_bottom2,0.3674698795180723,0
True,-0.0009675791544280284,-0.0034322998561332283,15,3486,False,H2_HISTORICAL_RECONSTRUCTED_DAILY,next_open_to_5d_close,0.005309005915001555,-0.0015467846211929721,-0.002218312754270193,0.001290606118213658,-0.0009398759388604108,0.9406196213425129,0,top2_bottom2,0.3674698795180723,0
True,-0.002338358953055184,-0.00481716301793026,25,3486,False,H2_HISTORICAL_RECONSTRUCTED_DAILY,next_open_to_5d_close,0.005309005915001555,-0.0015467846211929721,-0.0035264022551307777,0.001290606118213658,-0.0022586575478483173,0.9406196213425129,0,top2_bottom2,0.3674698795180723,0
True,-0.005492208325490884,-0.008006669918300778,50,3486,False,H2_HISTORICAL_RECONSTRUCTED_DAILY,next_open_to_5d_close,0.005309005915001555,-0.0015467846211929721,-0.006796626007282241,0.001290606118213658,-0.005690280841612652,0.9406196213425129,0,top2_bottom2,0.3674698795180723,0
True,0.001258122377277577,-0.0011468432776536306,0,3486,False,H2_HISTORICAL_RECONSTRUCTED_DAILY,next_open_to_5d_close,0.005309005915001555,-0.001572471641435298,6.735742128310534e-05,0.0016398290627184036,0.0,0.9675846242111302,0,top_half_bottom_half,0.438324727481354,0
True,0.0006182268908286762,-0.001854526989202312,5,3486,False,H2_HISTORICAL_RECONSTRUCTED_DAILY,next_open_to_5d_close,0.005309005915001555,-0.001572471641435298,-0.0006355972545631373,0.0016398290627184036,-0.0004312873215450144,0.9675846242111302,0,top_half_bottom_half,0.438324727481354,0
True,-0.0001778891940655092,-0.0025570629678585487,10,3486,False,H2_HISTORICAL_RECONSTRUCTED_DAILY,next_open_to_5d_close,0.005309005915001555,-0.001572471641435298,-0.0013385519304093796,0.0016398290627184036,-0.001228653654536697,0.9675846242111302,0,top_half_bottom_half,0.438324727481354,0
True,-0.000816917462815236,-0.0032644464283280656,15,3486,False,H2_HISTORICAL_RECONSTRUCTED_DAILY,next_open_to_5d_close,0.005309005915001555,-0.001572471641435298,-0.0020415066062556214,0.0016398290627184036,-0.001940508651559423,0.9675846242111302,0,top_half_bottom_half,0.438324727481354,0
True,-0.002228745628742914,-0.004677400391884543,25,3486,False,H2_HISTORICAL_RECONSTRUCTED_DAILY,next_open_to_5d_close,0.005309005915001555,-0.001572471641435298,-0.0034474159579481055,0.0016398290627184036,-0.003414899161535836,0.9675846242111302,0,top_half_bottom_half,0.438324727481354,0
True,-0.0057354645247410215,-0.008195250651189165,50,3486,False,H2_HISTORICAL_RECONSTRUCTED_DAILY,next_open_to_5d_close,0.005309005915001555,-0.001572471641435298,-0.006962189337179316,0.0016398290627184036,-0.006925177990679952,0.9675846242111302,0,top_half_bottom_half,0.438324727481354,0
